{"cameraMode":{"drawMode":0,"name":"Shaded","section":"Shading Mode"},"sceneLighting":true,"audioPlay":false,"sceneViewState":{"showFog":true,"showMaterialUpdate":false,"showSkybox":true,"showFlares":true,"showImageEffects":true,"showParticleSystems":true},"in2DMode":false,"pivot":{"x":240.9093780517578,"y":1.712973713874817,"z":213.37095642089845},"rotation":{"x":-0.006879896856844425,"y":0.9912803173065186,"z":-0.11833158880472183,"w":-0.05775775760412216},"size":3.0789449214935304,"orthographic":false}